benchmark,base_result,machine,limits,class,lower_is_better,repetition,result,normalized
stressng-cpu-int64double,2.651071,issdm-6,with,cpu,False,3,59.100035,22.292890307351254
stressng-cpu-int32double,2.672973,issdm-6,with,cpu,False,3,59.299317,22.184779644238834
stressng-cpu-sqrt,5.177912,issdm-6,with,cpu,False,3,67.844382,13.102652575014794
stressng-cpu-gamma,0.197453,issdm-6,with,cpu,False,3,2.135977,10.817647744020094
stressng-cpu-nsqrt,0.171731,issdm-6,with,cpu,False,3,1.619047,9.427808607648007
stressng-cpu-euler,8487.934437,issdm-6,with,cpu,False,3,63621.855603,7.495563976750826
stressng-cpu-matrixprod,0.12742699999999998,issdm-6,with,cpu,False,3,0.899827,7.061509727137892
stressng-cpu-omega,4286.82895,issdm-6,with,cpu,False,3,28662.752252,6.6862365133556345
stressng-cpu-pi,1383.92681,issdm-6,with,cpu,False,3,8953.932095,6.469946264716125
stressng-cpu-hyperbolic,1.811796,issdm-6,with,cpu,False,3,8.798435000000003,4.8561951787066535
stressng-cpu-psi,3390.279704,issdm-6,with,cpu,False,3,15730.546268,4.639896303965839
stressng-cpu-int32float,41.627011,issdm-6,with,cpu,False,3,191.589108,4.6025189749991915
stressng-cpu-int128decimal64,2.650698,issdm-6,with,cpu,False,3,11.683455,4.407689974489738
stressng-cpu-int128decimal32,2.650698,issdm-6,with,cpu,False,3,10.295727,3.884156927722435
stressng-cpu-correlate,0.085737,issdm-6,with,cpu,False,3,0.33053,3.855161715478732
stressng-cpu-ln2,67.852788,issdm-6,with,cpu,False,3,256.937968,3.786697283536824
stressng-cpu-longdouble,2.672516,issdm-6,with,cpu,False,3,8.199197,3.0679692843747235
stressng-cpu-int32longdouble,2.661037,issdm-6,with,cpu,False,3,8.117414,3.05047017384576
stressng-cpu-trig,1.969468,issdm-6,with,cpu,False,3,5.499527,2.792392158694632
stressng-cpu-int128longdouble,2.650698,issdm-6,with,cpu,False,3,6.930209,2.6144845621794714
stressng-memory-matrix,13.803153,issdm-6,with,memory,False,3,32.800446,2.3763009799282817
stressng-matrix-prod,1.500338,issdm-6,with,matrix,False,3,3.465449,2.309778863162834
stressng-matrix-frobenius,200.744889,issdm-6,with,matrix,False,3,412.50355,2.0548645201123903
stressng-cpu-rgb,277.703913,issdm-6,with,cpu,False,3,553.303272,1.9924215904008529
stressng-cpu-explog,0.63089,issdm-6,with,cpu,False,3,1.237666,1.9617778059566644
stressng-matrix-mult,406.191314,issdm-6,with,matrix,False,3,792.307688,1.95057762362688
stressng-cpu-idct,105.588415,issdm-6,with,cpu,False,3,202.60158,1.918786071369667
stressng-matrix-div,143.032424,issdm-6,with,matrix,False,3,273.636033,1.9131049124917296
stressng-cpu-fft,1.588453,issdm-6,with,cpu,False,3,2.788361,1.7553940846849103
stressng-cpu-double,41.178266,issdm-6,with,cpu,False,3,61.19967,1.4862128968713737
stressng-matrix-add,360.380801,issdm-6,with,matrix,False,3,448.544056,1.2446391560131973
stressng-matrix-sub,328.474305,issdm-6,with,matrix,False,3,407.041996,1.239189762499079
stressng-cpu-cpu,0.554323,issdm-6,with,cpu,False,3,0.642127,1.158398623185399
stressng-matrix-hadamard,402.791596,issdm-6,with,matrix,False,3,449.603913,1.1162196964010145
stressng-cpu-cdouble,41.269077,issdm-6,with,cpu,False,3,39.307717,0.9524738583322324
stressng-cpu-zeta,4.408843,issdm-6,with,cpu,False,3,4.098689,0.9296518383621282
stressng-cpu-int128decimal128,2.650698,issdm-6,with,cpu,False,3,2.27713,0.8590680643362617
stressng-cpu-int128double,39.29967,issdm-6,with,cpu,False,3,28.614482,0.7281099815850872
stressng-cpu-float,385.042348,issdm-6,with,cpu,False,3,269.40121400000004,0.6996664533117797
stressng-cpu-cfloat,40.008874,issdm-6,with,cpu,False,3,27.921008,0.6978703774567613
stressng-cpu-clongdouble,35.321269,issdm-6,with,cpu,False,3,17.699051,0.5010876307983159
stressng-memory-stackmmap,0.199517,issdm-6,with,memory,False,3,0.099659,0.4995012956289439
stressng-cpu-int64float,371.587889,issdm-6,with,cpu,False,3,179.025277,0.4817844776421117
stressng-cpu-decimal64,44.270772,issdm-6,with,cpu,False,3,15.049581,0.33994394766822683
stressng-matrix-trans,1657.178824,issdm-6,with,matrix,False,3,514.10494,0.3102290064020273
stressng-string-strcpy,1956.156411,issdm-6,with,string,False,3,580.8088799999998,0.2969133126236499
stressng-cpu-decimal32,44.270772,issdm-6,with,cpu,False,3,12.699015,0.2868487362271433
stressng-string-strcat,473.246385,issdm-6,with,string,False,3,133.96458700000002,0.28307577457776045
stressng-cpu-rand48,120.737833,issdm-6,with,cpu,False,3,25.699018,0.21284975356481672
stressng-string-strncmp,994.648214,issdm-6,with,string,False,3,206.901736,0.20801498769895746
stressng-string-rindex,1184.929397,issdm-6,with,string,False,3,224.701034,0.1896324241502466
stressng-string-strrchr,1202.0035,issdm-6,with,string,False,3,222.849694,0.18539854002089007
stressng-cpu-int128float,245.446388,issdm-6,with,cpu,False,3,44.799843,0.18252394490319407
stressng-cpu-stream,4.67103,issdm-6,with,cpu,False,3,0.754668,0.16156350954714485
stressng-cpu-rand,1659.9056,issdm-6,with,cpu,False,3,213.500982,0.12862236382599107
stressng-string-strlen,4833.754268,issdm-6,with,string,False,3,619.9198299999998,0.12824810605370227
stressng-cpu-jmp,3323.58004,issdm-6,with,cpu,False,3,375.402963,0.11295138329209607
stressng-cpu-lsearch,0.900209,issdm-6,with,cpu,False,3,0.100001,0.1110864254856372
stressng-cpu-callfunc,28821.929834,issdm-6,with,cpu,False,3,3080.226438,0.10687092973095744
stressng-cpu-dither,15.7718,issdm-6,with,cpu,False,3,1.682913,0.10670392726258257
stressng-memory-str,1326.342712,issdm-6,with,memory,False,3,135.500081,0.10216068575193407
stressng-cpu-prime,0.371144,issdm-6,with,cpu,False,3,0.037736,0.10167482163257388
stressng-cpu-str,1325.939887,issdm-6,with,cpu,False,3,134.657612,0.10155634755408788
stressng-cpu-int32,5772.723277,issdm-6,with,cpu,False,3,580.2052150000002,0.10050805956898808
stressng-string-index,4233.804741,issdm-6,with,string,False,3,421.503206,0.09955660021780867
stressng-string-strchr,4233.78788,issdm-6,with,string,False,3,421.201168,0.09948565680149284
stressng-cpu-int16,5772.348435,issdm-6,with,cpu,False,3,571.1037719999998,0.09893785491831626
stressng-cpu-int8,5908.934274,issdm-6,with,cpu,False,3,582.5041940000001,0.09858024594436368
stressng-cpu-tsearch,1.670376,issdm-6,with,cpu,False,3,0.162557,0.09731760992734573
stressng-cpu-ackermann,1.344893,issdm-6,with,cpu,False,3,0.129026,0.09593774374615677
stressng-cpu-wcs,925.337688,issdm-6,with,cpu,False,3,82.872403,0.08955909185879825
stressng-cpu-int64,5772.306863000002,issdm-6,with,cpu,False,3,493.544903,0.085502194307025
stressng-cpu-longjmp,9992.8894,issdm-6,with,cpu,False,3,845.5721880000001,0.0846173868390858
stressng-cpu-fnv1a,11638.691738,issdm-6,with,cpu,False,3,982.010644,0.0843746587766186
stressng-string-strcoll,2038.277691,issdm-6,with,string,False,3,169.51027,0.0831634819673842
stressng-cpu-int128,613.545523,issdm-6,with,cpu,False,3,50.999255,0.08312220216461427
stressng-string-strxfrm,552.3283389999998,issdm-6,with,string,False,3,44.653186,0.08084536469891328
stressng-string-strncat,492.419007,issdm-6,with,string,False,3,39.000327,0.07920150612707766
stressng-cpu-sieve,1.949553,issdm-6,with,cpu,False,3,0.149256,0.07655908816020904
stressng-cpu-bsearch,40.688476,issdm-6,with,cpu,False,3,3.106851,0.07635702551258003
stressng-cpu-opcode,407.538883,issdm-6,with,cpu,False,3,30.300076,0.07434892046852865
stressng-cpu-decimal128,35.360962,issdm-6,with,cpu,False,3,2.426976,0.06863433183746527
stressng-cpu-fibonacci,2492582.05995,issdm-6,with,cpu,False,3,161321.692381,0.06472071470507014
stressng-cpu-loop,4066.367797,issdm-6,with,cpu,False,3,236.442829,0.05814595255609635
stressng-cpu-parity,3268.90182,issdm-6,with,cpu,False,3,188.023767,0.057518939801012435
stressng-cpu-phi,2163412.79741,issdm-6,with,cpu,False,3,124197.759575,0.05740825778773585
stressng-cpu-hsearch,371.082226,issdm-6,with,cpu,False,3,20.39585,0.05496315525497576
stressng-memory-remap,121.64104,issdm-6,with,memory,False,3,6.633467,0.05453313289659477
stressng-cpu-sdbm,18579.119201,issdm-6,with,cpu,False,3,952.70222,0.05127811548508295
stressng-cpu-queens,20.599903,issdm-6,with,cpu,False,3,0.990107,0.048063672921178316
stressng-cpu-hanoi,31.940533,issdm-6,with,cpu,False,3,1.499611,0.04695009316218987
stressng-cpu-djb2a,21835.876491,issdm-6,with,cpu,False,3,965.108583,0.04419829830956338
stressng-memory-mincore,8089.20991,issdm-6,with,memory,False,3,351.3046740000001,0.043428799339934564
stressng-cpu-bitops,540.245816,issdm-6,with,cpu,False,3,22.599139,0.041831215218518236
stressng-string-strcmp,14460.611857,issdm-6,with,string,False,3,591.701038,0.040918119084537435
stressng-memory-full,33551.947426,issdm-6,with,memory,False,3,1368.6168369999998,0.040790980613525714
stressng-memory-memcpy,70.025444,issdm-6,with,memory,False,3,2.815281,0.040203686534283176
stressng-cpu-gray,1605.382855,issdm-6,with,cpu,False,3,63.466998,0.03953387056696827
stressng-cpu-pjw,12834.940439,issdm-6,with,cpu,False,3,503.876509,0.03925818833322597
stressng-memory-pipe,107971.197056,issdm-6,with,memory,False,3,4212.521561,0.03901523439455012
stressng-memory-zero,37502.320117,issdm-6,with,memory,False,3,1460.044957,0.038932123464493436
stressng-cpu-crc16,44.270772,issdm-6,with,cpu,False,3,1.682754,0.03801049595430593
stressng-memory-null,1691160.90765,issdm-6,with,memory,False,3,61494.528729,0.03636231682675982
stressng-cpu-hamming,140.566785,issdm-6,with,cpu,False,3,5.100034,0.03628192819519917
stressng-cpu-union,9992.295155,issdm-6,with,cpu,False,3,300.402134,0.03006337676581572
stressng-memory-context,1831.81215,issdm-6,with,memory,False,3,50.400429,0.027513972434345956
stressng-cpu-gcd,496.183508,issdm-6,with,cpu,False,3,10.999493,0.022168195481418542
stressng-cpu-int64longdouble,371.986874,issdm-6,with,cpu,False,3,8.019735,0.021559188134149056
stressng-memory-malloc,281510.474126,issdm-6,with,memory,False,3,5644.54613,0.02005092758102344
stressng-string-strncasecmp,11049.836636,issdm-6,with,string,False,3,110.200948,0.009973083913382844
stressng-string-strcasecmp,13501.029625,issdm-6,with,string,False,3,110.398115,0.008177014499366376
stressng-cpu-jenkin,471476.431807,issdm-6,with,cpu,False,3,296.642769,0.0006291783618177366
